num_media,0,1
1,0.823998444185142,0.17600155581485802
2,0.7786337955829481,0.22136620441705188
3,0.7451298701298701,0.25487012987012986
4,0.7550335570469798,0.24496644295302014
