num_words,0,1
1,0.808316718883509,0.19168328111649102
2,0.8108882521489972,0.18911174785100288
3,0.8074477747502271,0.19255222524977295
4,0.7445742904841403,0.25542570951585974
