numMedia,0,1
1,0.8241587239836607,0.17584127601633923
2,0.7802367472979927,0.2197632527020072
3,0.7451298701298701,0.25487012987012986
4,0.7601351351351351,0.23986486486486486
