numWords,0,1
1,0.8085470085470086,0.19145299145299147
2,0.8117604876299749,0.1882395123700251
3,0.8089171974522293,0.1910828025477707
4,0.745819397993311,0.25418060200668896
